"id";"location";"hotel_image";"hotel_name";"price";"hotel_type"
1;"lonavala";"https://imgcy.trivago.com/c_lfill,d_dummy.jpeg,e_sharpen:60,f_auto,h_225,q_auto,w_225/itemimages/17/21/1721801_v2.jpeg";"The Dukes Retreat";10170;"Hotel"
2;"lonavala";"https://imgcy.trivago.com/c_lfill,d_dummy.jpeg,e_sharpen:60,f_auto,h_225,q_auto,w_225/itemimages/10/18/1018280_v2.jpeg";"Treasure Island Resorts";7810;"Hotel"
3;"lonavala";"https://imgcy.trivago.com/c_lfill,d_dummy.jpeg,e_sharpen:60,f_auto,h_225,q_auto,w_225/itemimages/10/69/10694504_v2.jpeg";"City Palace Resort";2214;"Hotel"
4;"lonavala";"https://imgcy.trivago.com/c_lfill,d_dummy.jpeg,e_sharpen:60,f_auto,h_225,q_auto,w_225/itemimages/11/26/11263890.jpeg";"Capital O 14437 Casa Fedora";2719;"Hotel"
5;"lonavala";"https://imgcy.trivago.com/c_lfill,d_dummy.jpeg,e_sharpen:60,f_auto,h_225,q_auto,w_225/itemimages/69/27/692701_v2.jpeg";"Fariyas Resort Lonavala";10552;"Hotel"
6;"lonavala";"https://imgcy.trivago.com/c_lfill,d_dummy.jpeg,e_sharpen:60,f_auto,h_225,q_auto,w_225/itemimages/26/63/2663110_v1.jpeg";"Upper Deck";14159;"Hotel"
7;"lonavala";"https://imgcy.trivago.com/c_lfill,d_dummy.jpeg,e_sharpen:60,f_auto,h_225,q_auto,w_225/itemimages/45/25/4525298_v1.jpeg";"Obetel Grande Resort";5120;"Hotel"
8;"lonavala";"https://imgcy.trivago.com/c_lfill,d_dummy.jpeg,e_sharpen:60,f_auto,h_225,q_auto,w_225/itemimages/15/43/1543057_v2.jpeg";"Aamby Valley City";8767;"Hotel"
9;"lonavala";"https://imgcy.trivago.com/c_lfill,d_dummy.jpeg,e_sharpen:60,f_auto,h_225,q_auto,w_225/itemimages/47/77/4777248_v2.jpeg";"Rhythm Lonavala";11596;"Resort"
10;"lonavala";"https://imgcy.trivago.com/c_lfill,d_dummy.jpeg,e_sharpen:60,f_auto,h_225,q_auto,w_225/itemimages/20/64/2064778_v1.jpeg";"Citrus Hotels Lonavala";4815;"Hotel"
11;"lonavala";"https://imgcy.trivago.com/c_lfill,d_dummy.jpeg,e_sharpen:60,f_auto,h_225,q_auto,w_225/itemimages/44/84/4484002_v2.jpeg";"Rumourss Sky Villa & Resort";5783;"Hotel"
12;"lonavala";"https://imgcy.trivago.com/c_lfill,d_dummy.jpeg,e_sharpen:60,f_auto,h_225,q_auto,w_225/itemimages/17/25/1725013_v5.jpeg";"7 Apple Resort Lonavala";6019;"Hotel"
13;"lonavala";"https://imgcy.trivago.com/c_lfill,d_dummy.jpeg,e_sharpen:60,f_auto,h_225,q_auto,w_225/itemimages/10/18/1018266_v3.jpeg";"Kumar Resort";5485;"Hotel"
14;"lonavala";"https://imgcy.trivago.com/c_lfill,d_dummy.jpeg,e_sharpen:60,f_auto,h_225,q_auto,w_225/itemimages/35/83/3583390_v4.jpeg";"Novotel Imagica Khopoli";9038;"Hotel"
15;"lonavala";"https://imgcy.trivago.com/c_lfill,d_dummy.jpeg,e_sharpen:60,f_auto,h_225,q_auto,w_225/itemimages/26/56/2656546_v2.jpeg";"Durshet Forest Lodge";4358;"Resort"
16;"lonavala";"https://imgcy.trivago.com/c_lfill,d_dummy.jpeg,e_sharpen:60,f_auto,h_225,q_auto,w_225/itemimages/94/02/9402574.jpeg";"The Blue Lagoon Resort";2841;"Hotel"
17;"lonavala";"https://imgcy.trivago.com/c_lfill,d_dummy.jpeg,e_sharpen:60,f_auto,h_225,q_auto,w_225/itemimages/25/29/2529644_v2.jpeg";"Hilton Shillim Estate Retreat & Spa";22425;"Hotel"
18;"mussoorie";"https://imgcy.trivago.com/c_lfill,d_dummy.jpeg,e_sharpen:60,f_auto,h_225,q_auto,w_225/itemimages/26/67/2667434_v1.jpeg";"OYO 5153 Hotel Hamers International";1288;"Hotel"
19;"mussoorie";"https://imgcy.trivago.com/c_lfill,d_dummy.jpeg,e_sharpen:60,f_auto,h_225,q_auto,w_225/itemimages/26/67/2667434_v1.jpeg";"OYO 5153 Hotel Hamers International";1288;"Hotel"
20;"mussoorie";"https://imgcy.trivago.com/c_lfill,d_dummy.jpeg,e_sharpen:60,f_auto,h_225,q_auto,w_225/itemimages/15/15/1515261_v1.jpeg";"Mussoorie Gateway";3120;"Hotel"
21;"mussoorie";"https://imgcy.trivago.com/c_lfill,d_dummy.jpeg,e_sharpen:60,f_auto,h_225,q_auto,w_225/itemimages/14/12/1412630_v2.jpeg";"Hotel Mall Palace";2222;"Hotel"
22;"mussoorie";"https://imgcy.trivago.com/c_lfill,d_dummy.jpeg,e_sharpen:60,f_auto,h_225,q_auto,w_225/itemimages/44/71/4471464_v1.jpeg";"Natraj Palace";589;"Hotel"
23;"mussoorie";"https://imgcy.trivago.com/c_lfill,d_dummy.jpeg,e_sharpen:60,f_auto,h_225,q_auto,w_225/itemimages/15/15/1515311_v1.jpeg";"The Imperial Square";3093;"Hotel"
24;"mussoorie";"https://imgcy.trivago.com/c_lfill,d_dummy.jpeg,e_sharpen:60,f_auto,h_225,q_auto,w_225/itemimages/34/91/3491542_v1.jpeg";"JW Marriott Mussoorie Walnut Grove Resort & Spa";27730;"Hotel"
25;"mussoorie";"https://imgcy.trivago.com/c_lfill,d_dummy.jpeg,e_sharpen:60,f_auto,h_225,q_auto,w_225/itemimages/26/17/2617792_v3.jpeg";"Treebo Trend Mussoorie Club";1876;"Hotel"
26;"mussoorie";"https://imgcy.trivago.com/c_lfill,d_dummy.jpeg,e_sharpen:60,f_auto,h_225,q_auto,w_225/itemimages/49/19/4919712_v2.jpeg";"Treebo Trend Value And Spa";2134;"Hotel"
27;"mussoorie";"https://imgcy.trivago.com/c_lfill,d_dummy.jpeg,e_sharpen:60,f_auto,h_225,q_auto,w_225/itemimages/15/31/15310064.jpeg";"EllBee Mussoorie Hills";3302;"Hotel"
28;"mussoorie";"https://imgcy.trivago.com/c_lfill,d_dummy.jpeg,e_sharpen:60,f_auto,h_225,q_auto,w_225/itemimages/26/63/2663614_v2.jpeg";"Howard International";2470;"Hotel"
29;"mussoorie";"https://imgcy.trivago.com/c_lfill,d_dummy.jpeg,e_sharpen:60,f_auto,h_225,q_auto,w_225/itemimages/85/13/8513624_v4.jpeg";"Hotel Nand Residency, Mussoorie";3500;"Hotel"
30;"mussoorie";"https://imgcy.trivago.com/c_lfill,d_dummy.jpeg,e_sharpen:60,f_auto,h_225,q_auto,w_225/itemimages/44/95/4495504_v1.jpeg";"Abhinandan";1955;"Hotel"
31;"mussoorie";"https://imgcy.trivago.com/c_lfill,d_dummy.jpeg,e_sharpen:60,f_auto,h_225,q_auto,w_225/itemimages/21/43/2143004.jpeg";"Fortune The Savoy";25960;"Hotel"
32;"mussoorie";"https://imgcy.trivago.com/c_lfill,d_dummy.jpeg,e_sharpen:60,f_auto,h_225,q_auto,w_225/itemimages/25/25/2525568_v2.jpeg";"Ashirwad Hotel & Spa Mussoorie";2066;"Hotel"
33;"mussoorie";"https://imgcy.trivago.com/c_lfill,d_dummy.jpeg,e_sharpen:60,f_auto,h_225,q_auto,w_225/itemimages/13/27/1327122_v3.jpeg";"Hotel Shiva Continental";2354;"Hotel"
34;"mussoorie";"https://imgcy.trivago.com/c_lfill,d_dummy.jpeg,e_sharpen:60,f_auto,h_225,q_auto,w_225/itemimages/45/35/4535388_v1.jpeg";"Whispering Windows";1418;"Hotel"
35;"mussoorie";"https://imgcy.trivago.com/c_lfill,d_dummy.jpeg,e_sharpen:60,f_auto,h_225,q_auto,w_225/itemimages/26/17/2617810.jpeg";"Hotel Oak Bush";1720;"Hotel"
36;"mussoorie";"https://imgcy.trivago.com/c_lfill,d_dummy.jpeg,e_sharpen:60,f_auto,h_225,q_auto,w_225/itemimages/95/77/957707_v1.jpeg";"OYO 1688 Hotel Emerald Heights";2576;"Hotel"
37;"mussoorie";"https://imgcy.trivago.com/c_lfill,d_dummy.jpeg,e_sharpen:60,f_auto,h_225,q_auto,w_225/itemimages/73/10/7310942_v2.jpeg";"Royal Mansion";2424;"Hotel"
38;"srinagar";"https://imgcy.trivago.com/c_lfill,d_dummy.jpeg,e_sharpen:60,f_auto,h_225,q_auto,w_225/itemimages/11/60/1160514_v3.jpeg";"Ahdoos";4828;"Hotel"
39;"srinagar";"https://imgcy.trivago.com/c_lfill,d_dummy.jpeg,e_sharpen:60,f_auto,h_225,q_auto,w_225/itemimages/14/12/1412058_v1.jpeg";"The Residency Srinagar";4159;"Hotel"
40;"srinagar";"https://imgcy.trivago.com/c_lfill,d_dummy.jpeg,e_sharpen:60,f_auto,h_225,q_auto,w_225/itemimages/10/42/104221_v2.jpeg";"The Lalit Grand Palace Srinagar";44250;"Hotel"
41;"srinagar";"https://imgcy.trivago.com/c_lfill,d_dummy.jpeg,e_sharpen:60,f_auto,h_225,q_auto,w_225/itemimages/26/00/2600282_v1.jpeg";"Milad";2100;"Hotel"
42;"srinagar";"https://imgcy.trivago.com/c_lfill,d_dummy.jpeg,e_sharpen:60,f_auto,h_225,q_auto,w_225/itemimages/54/72/5472460.jpeg";"Crown Plaza Residency By Pi S";2479;"Hotel"
43;"srinagar";"https://imgcy.trivago.com/c_lfill,d_dummy.jpeg,e_sharpen:60,f_auto,h_225,q_auto,w_225/itemimages/88/00/8800410.jpeg";"Welcomhotel Pine N Peak Pahalgam";21830;"Hotel"
44;"srinagar";"https://imgcy.trivago.com/c_lfill,d_dummy.jpeg,e_sharpen:60,f_auto,h_225,q_auto,w_225/itemimages/10/53/1053118_v2.jpeg";"Radisson Srinagar";11210;"Hotel"
45;"srinagar";"https://imgcy.trivago.com/c_lfill,d_dummy.jpeg,e_sharpen:60,f_auto,h_225,q_auto,w_225/itemimages/54/32/5432436_v1.jpeg";"GRG Residency";1195;"Hotel"
46;"srinagar";"https://imgcy.trivago.com/c_lfill,d_dummy.jpeg,e_sharpen:60,f_auto,h_225,q_auto,w_225/itemimages/22/35/2235468_v3.jpeg";"Golden Hopes Group Of Houseboats";2400;"Hotel"
47;"srinagar";"https://imgcy.trivago.com/c_lfill,d_dummy.jpeg,e_sharpen:60,f_auto,h_225,q_auto,w_225/itemimages/10/27/1027750_v4.jpeg";"Grand Habib";3535;"Hotel"
48;"srinagar";"https://imgcy.trivago.com/c_lfill,d_dummy.jpeg,e_sharpen:60,f_auto,h_225,q_auto,w_225/itemimages/23/97/2397908_v2.jpeg";"Walisons";3182;"Hotel"
49;"srinagar";"https://imgcy.trivago.com/c_lfill,d_dummy.jpeg,e_sharpen:60,f_auto,h_225,q_auto,w_225/itemimages/75/11/7511368.jpeg";"Four Points By Sheraton Srinagar";15458;"Hotel"
50;"srinagar";"https://imgcy.trivago.com/c_lfill,d_dummy.jpeg,e_sharpen:60,f_auto,h_225,q_auto,w_225/itemimages/40/87/4087298_v2.jpeg";"Aksa Srinagar";2592;"Hotel"
51;"srinagar";"https://imgcy.trivago.com/c_lfill,d_dummy.jpeg,e_sharpen:60,f_auto,h_225,q_auto,w_225/itemimages/75/65/7565504.jpeg";"Heritage Luxury";4104;"Hotel"
52;"srinagar";"https://imgcy.trivago.com/c_lfill,d_dummy.jpeg,e_sharpen:60,f_auto,h_225,q_auto,w_225/itemimages/27/60/2760482_v2.jpeg";"Batra Hotels And Residences";4611;"Hotel"
53;"srinagar";"https://imgcy.trivago.com/c_lfill,d_dummy.jpeg,e_sharpen:60,f_auto,h_225,q_auto,w_225/itemimages/27/23/2723376.jpeg";"Regal Palace";3642;"Hotel"
54;"srinagar";"https://imgcy.trivago.com/c_lfill,d_dummy.jpeg,e_sharpen:60,f_auto,h_225,q_auto,w_225/itemimages/14/29/1429224_v6.jpeg";"New Green View-2 Srinagar";570;"Hotel"
55;"goa";"https://imgcy.trivago.com/c_lfill,d_dummy.jpeg,e_sharpen:60,f_auto,h_225,q_auto,w_225/itemimages/13/04/13043320.jpeg";"Treebo Trend Dona Eliza";4279;"Hotel"
56;"goa";"https://imgcy.trivago.com/c_lfill,d_dummy.jpeg,e_sharpen:60,f_auto,h_225,q_auto,w_225/itemimages/14/78/1478285_v5.jpeg";"Calangute Resort";2457;"Hotel"
57;"goa";"https://imgcy.trivago.com/c_lfill,d_dummy.jpeg,e_sharpen:60,f_auto,h_225,q_auto,w_225/itemimages/19/54/1954711_v2.jpeg";"Grand Hyatt Goa";16862;"Hotel"
58;"goa";"https://imgcy.trivago.com/c_lfill,d_dummy.jpeg,e_sharpen:60,f_auto,h_225,q_auto,w_225/itemimages/68/42/684276_v7.jpeg";"Bambolim Beach Resort";5337;"Hotel"
59;"goa";"https://imgcy.trivago.com/c_lfill,d_dummy.jpeg,e_sharpen:60,f_auto,h_225,q_auto,w_225/itemimages/68/43/684371_v3.jpeg";"Williams Beach Retreat";1008;"Hotel"
60;"goa";"https://imgcy.trivago.com/c_lfill,d_dummy.jpeg,e_sharpen:60,f_auto,h_225,q_auto,w_225/itemimages/89/74/897445_v10.jpeg";"Estrela Do Mar Beach Resort - A Beach Property";3705;"Hotel"
61;"goa";"https://imgcy.trivago.com/c_lfill,d_dummy.jpeg,e_sharpen:60,f_auto,h_225,q_auto,w_225/itemimages/32/22/322206_v3.jpeg";"Hotel Caravela Beach Resort";13569;"Hotel"
62;"goa";"https://imgcy.trivago.com/c_lfill,d_dummy.jpeg,e_sharpen:60,f_auto,h_225,q_auto,w_225/itemimages/51/37/5137440_v1.jpeg";"ibis Styles Goa Calangute";5330;"Hotel"
63;"goa";"https://imgcy.trivago.com/c_lfill,d_dummy.jpeg,e_sharpen:60,f_auto,h_225,q_auto,w_225/itemimages/39/96/3996444_v5.jpeg";"Swati Hotel, Arambol, Goa";692;"Hotel"
64;"goa";"https://imgcy.trivago.com/c_lfill,d_dummy.jpeg,e_sharpen:60,f_auto,h_225,q_auto,w_225/itemimages/17/66/176677_v3.jpeg";"Vivanta by Taj Holiday Village";15045;"Hotel"
65;"goa";"https://imgcy.trivago.com/c_lfill,d_dummy.jpeg,e_sharpen:60,f_auto,h_225,q_auto,w_225/itemimages/16/91/16918722.jpeg";"Treebo Trend Sunheads Panaji";1450;"Hotel"
66;"goa";"https://imgcy.trivago.com/c_lfill,d_dummy.jpeg,e_sharpen:60,f_auto,h_225,q_auto,w_225/itemimages/19/88/1988405_v1.jpeg";"Casa Fiesta";954;"Hotel"
67;"goa";"https://imgcy.trivago.com/c_lfill,d_dummy.jpeg,e_sharpen:60,f_auto,h_225,q_auto,w_225/itemimages/31/45/3145826_v2.jpeg";"Leela Cottages";4725;"Hotel"
68;"goa";"https://imgcy.trivago.com/c_lfill,d_dummy.jpeg,e_sharpen:60,f_auto,h_225,q_auto,w_225/itemimages/10/34/1034408_v1.jpeg";"Margao Residency";823;"Hotel"
69;"goa";"https://imgcy.trivago.com/c_lfill,d_dummy.jpeg,e_sharpen:60,f_auto,h_225,q_auto,w_225/itemimages/59/41/5941454.jpeg";"Cupids Heaven Beach Resort";540;"Hotel"
70;"goa";"https://imgcy.trivago.com/c_lfill,d_dummy.jpeg,e_sharpen:60,f_auto,h_225,q_auto,w_225/itemimages/12/36/1236122_v6.jpeg";"Vivanta Goa, Panaji";9027;"Hotel"
71;"goa";"https://imgcy.trivago.com/c_lfill,d_dummy.jpeg,e_sharpen:60,f_auto,h_225,q_auto,w_225/itemimages/13/04/130434_v2.jpeg";"Holiday Inn Resort Goa";9205;"Hotel"
72;"goa";"https://imgcy.trivago.com/c_lfill,d_dummy.jpeg,e_sharpen:60,f_auto,h_225,q_auto,w_225/itemimages/24/38/2438236_v1.jpeg";"Silver Sands Holiday Village";3656;"Hotel"
73;"goa";"https://imgcy.trivago.com/c_lfill,d_dummy.jpeg,e_sharpen:60,f_auto,h_225,q_auto,w_225/itemimages/99/84/998427_v1.jpeg";"Peninsula Beach Resort";3694;"Hotel"
74;"goa";"https://imgcy.trivago.com/c_lfill,d_dummy.jpeg,e_sharpen:60,f_auto,h_225,q_auto,w_225/itemimages/13/53/1353898_v3.jpeg";"Beleza By The Beach";11209;"Hotel"
75;"goa";"https://imgcy.trivago.com/c_lfill,d_dummy.jpeg,e_sharpen:60,f_auto,h_225,q_auto,w_225/itemimages/26/61/2661928.jpeg";"Stonewater Eco Resort";3510;"Resort"
76;"goa";"https://imgcy.trivago.com/c_lfill,d_dummy.jpeg,e_sharpen:60,f_auto,h_225,q_auto,w_225/itemimages/26/29/2629185_v1.jpeg";"Hard Rock Hotel Goa";5727;"Hotel"
77;"goa";"https://imgcy.trivago.com/c_lfill,d_dummy.jpeg,e_sharpen:60,f_auto,h_225,q_auto,w_225/itemimages/64/47/6447426_v5.jpeg";"Resort Blossom Goa";2550;"Hotel"
78;"ooty";"https://imgcy.trivago.com/c_lfill,d_dummy.jpeg,e_sharpen:60,f_auto,h_225,q_auto,w_225/itemimages/47/79/4779244_v4.jpeg";"Western Valley Resorts";6409;"Resort"
79;"ooty";"https://imgcy.trivago.com/c_lfill,d_dummy.jpeg,e_sharpen:60,f_auto,h_225,q_auto,w_225/itemimages/64/27/6427006_v1.jpeg";"OYO 5021 Golden Springs";1080;"Hotel"
80;"ooty";"https://imgcy.trivago.com/c_lfill,d_dummy.jpeg,e_sharpen:60,f_auto,h_225,q_auto,w_225/itemimages/63/15/6315212_v8.jpeg";"FabHotel Khems Ooty";2486;"Hotel"
81;"ooty";"https://imgcy.trivago.com/c_lfill,d_dummy.jpeg,e_sharpen:60,f_auto,h_225,q_auto,w_225/itemimages/14/28/1428429_v4.jpeg";"Lakeview";2968;"Hotel"
82;"ooty";"https://imgcy.trivago.com/c_lfill,d_dummy.jpeg,e_sharpen:60,f_auto,h_225,q_auto,w_225/itemimages/43/68/4368778.jpeg";"Blue Hills International";1580;"Hotel"
83;"ooty";"https://imgcy.trivago.com/c_lfill,d_dummy.jpeg,e_sharpen:60,f_auto,h_225,q_auto,w_225/itemimages/27/88/2788781.jpeg";"Rainbow Cottage";871;"Hotel"
84;"ooty";"https://imgcy.trivago.com/c_lfill,d_dummy.jpeg,e_sharpen:60,f_auto,h_225,q_auto,w_225/itemimages/14/29/1429426_v1.jpeg";"Nahar Residency Ooty";1680;"Hotel"
85;"ooty";"https://imgcy.trivago.com/c_lfill,d_dummy.jpeg,e_sharpen:60,f_auto,h_225,q_auto,w_225/itemimages/46/23/4623876_v2.jpeg";"Hotel TamilNadu - Ooty 1";1683;"Hotel"
86;"ooty";"https://imgcy.trivago.com/c_lfill,d_dummy.jpeg,e_sharpen:60,f_auto,h_225,q_auto,w_225/itemimages/24/01/2401572.jpeg";"Fortune Retreats Resorts - Ooty";2227;"Hotel"
87;"ooty";"https://imgcy.trivago.com/c_lfill,d_dummy.jpeg,e_sharpen:60,f_auto,h_225,q_auto,w_225/itemimages/55/76/557651_v1.jpeg";"Savoy,Ooty-IHCL SeleQtions";22361;"Hotel"
88;"ooty";"https://imgcy.trivago.com/c_lfill,d_dummy.jpeg,e_sharpen:60,f_auto,h_225,q_auto,w_225/itemimages/70/46/7046996.jpeg";"Green Yards Cottage";1377;"Hotel"
89;"ooty";"https://imgcy.trivago.com/c_lfill,d_dummy.jpeg,e_sharpen:60,f_auto,h_225,q_auto,w_225/itemimages/93/78/9378564_v1.jpeg";"SRJ's Thaneesh Southwick ELK Hill";2166;"Hotel"
90;"ooty";"https://imgcy.trivago.com/c_lfill,d_dummy.jpeg,e_sharpen:60,f_auto,h_225,q_auto,w_225/itemimages/28/93/2893319_v1.jpeg";"Garden Manor";2424;"Hotel"
91;"ooty";"https://imgcy.trivago.com/c_lfill,d_dummy.jpeg,e_sharpen:60,f_auto,h_225,q_auto,w_225/itemimages/37/63/3763558.jpeg";"Green Apple Residence";1335;"Hotel"
92;"ooty";"https://imgcy.trivago.com/c_lfill,d_dummy.jpeg,e_sharpen:60,f_auto,h_225,q_auto,w_225/itemimages/48/98/4898384_v1.jpeg";"Glen Park Inn";1504;"Hotel"
93;"ooty";"https://imgcy.trivago.com/c_lfill,d_dummy.jpeg,e_sharpen:60,f_auto,h_225,q_auto,w_225/itemimages/37/56/3756832_v1.jpeg";"La Flora Amberley Resort";1545;"Hotel"
94;"ooty";"https://imgcy.trivago.com/c_lfill,d_dummy.jpeg,e_sharpen:60,f_auto,h_225,q_auto,w_225/itemimages/78/97/7897974_v2.jpeg";"FabEscape St. Clouds Pudumund";3150;"Hotel"
95;"ooty";"https://imgcy.trivago.com/c_lfill,d_dummy.jpeg,e_sharpen:60,f_auto,h_225,q_auto,w_225/itemimages/15/15/1515269_v1.jpeg";"Hotel Ponmari Residency";2674;"Hotel"
96;"pahalgam";"https://imgcy.trivago.com/c_lfill,d_dummy.jpeg,e_sharpen:60,f_auto,h_225,q_auto,w_225/itemimages/18/94/1894675_v1.jpeg";"Hotel Heevan";10545;"Hotel"
97;"pahalgam";"https://imgcy.trivago.com/c_lfill,d_dummy.jpeg,e_sharpen:60,f_auto,h_225,q_auto,w_225/itemimages/70/54/7054680.jpeg";"Pine Palace Resort";2704;"Hotel"
98;"pahalgam";"https://imgcy.trivago.com/c_lfill,d_dummy.jpeg,e_sharpen:60,f_auto,h_225,q_auto,w_225/itemimages/28/74/2874212_v2.jpeg";"Fresh Water Resort";6555;"Hotel"
99;"pahalgam";"https://imgcy.trivago.com/c_lfill,d_dummy.jpeg,e_sharpen:60,f_auto,h_225,q_auto,w_225/itemimages/46/93/4693134_v2.jpeg";"Angels Inn Guest House";1915;"Hotel"
100;"pahalgam";"https://imgcy.trivago.com/c_lfill,d_dummy.jpeg,e_sharpen:60,f_auto,h_225,q_auto,w_225/itemimages/49/48/4948838.jpeg";"Golden Residency";3078;"Hotel"
101;"pahalgam";"https://imgcy.trivago.com/c_lfill,d_dummy.jpeg,e_sharpen:60,f_auto,h_225,q_auto,w_225/itemimages/71/84/7184294.jpeg";"Snow View";1791;"Hotel"
102;"pahalgam";"https://imgcy.trivago.com/c_lfill,d_dummy.jpeg,e_sharpen:60,f_auto,h_225,q_auto,w_225/itemimages/46/06/4606164.jpeg";"Himalaya Discover Resorts";2520;"Hotel"
103;"pahalgam";"https://imgcy.trivago.com/c_lfill,d_dummy.jpeg,e_sharpen:60,f_auto,h_225,q_auto,w_225/itemimages/48/87/4887344.jpeg";"Indian Palace";1571;"Resort"
104;"pahalgam";"https://imgcy.trivago.com/c_lfill,d_dummy.jpeg,e_sharpen:60,f_auto,h_225,q_auto,w_225/itemimages/47/96/4796684.jpeg";"Water View";1685;"Hotel"
105;"pahalgam";"https://imgcy.trivago.com/c_lfill,d_dummy.jpeg,e_sharpen:60,f_auto,h_225,q_auto,w_225/itemimages/45/63/4563416_v1.jpeg";"Qazi Cottages";2484;"Hotel"
106;"manali";"https://imgcy.trivago.com/c_lfill,d_dummy.jpeg,e_sharpen:60,f_auto,h_225,q_auto,w_225/itemimages/24/53/24533154.jpeg";"Treebo Trend Hotel Dev";1506;"Hotel"
107;"manali";"https://imgcy.trivago.com/c_lfill,d_dummy.jpeg,e_sharpen:60,f_auto,h_225,q_auto,w_225/itemimages/46/73/4673448_v2.jpeg";"Treebo Trend Hotel Shambhala";1931;"Hotel"
108;"manali";"https://imgcy.trivago.com/c_lfill,d_dummy.jpeg,e_sharpen:60,f_auto,h_225,q_auto,w_225/itemimages/10/19/1019395_v2.jpeg";"Manuallaya - the Resortspa in the Himalayas";9558;"Hotel"
109;"manali";"https://imgcy.trivago.com/c_lfill,d_dummy.jpeg,e_sharpen:60,f_auto,h_225,q_auto,w_225/itemimages/34/36/343656_v10.jpeg";"Apple Country";3527;"Hotel"
110;"manali";"https://imgcy.trivago.com/c_lfill,d_dummy.jpeg,e_sharpen:60,f_auto,h_225,q_auto,w_225/itemimages/38/09/3809880_v6.jpeg";"The Whitestone Resorts";3283;"Resort"
111;"manali";"https://imgcy.trivago.com/c_lfill,d_dummy.jpeg,e_sharpen:60,f_auto,h_225,q_auto,w_225/itemimages/34/40/344046_v8.jpeg";"Renest River Country Resort, Manali";4872;"Hotel"
112;"manali";"https://imgcy.trivago.com/c_lfill,d_dummy.jpeg,e_sharpen:60,f_auto,h_225,q_auto,w_225/itemimages/49/85/4985968_v9.jpeg";"Hotel Mountain Face by Snow City Hotels";1579;"Hotel"
113;"manali";"https://imgcy.trivago.com/c_lfill,d_dummy.jpeg,e_sharpen:60,f_auto,h_225,q_auto,w_225/itemimages/21/12/2112222_v1.jpeg";"Sterling Manali";4334;"Hotel"
114;"manali";"https://imgcy.trivago.com/c_lfill,d_dummy.jpeg,e_sharpen:60,f_auto,h_225,q_auto,w_225/itemimages/34/38/343896_v7.jpeg";"Hotel Snowcrests Manor";4368;"Hotel"
115;"manali";"https://imgcy.trivago.com/c_lfill,d_dummy.jpeg,e_sharpen:60,f_auto,h_225,q_auto,w_225/itemimages/11/81/1181022_v6.jpeg";"Snow Valley Resorts";3790;"Hotel"
116;"manali";"https://imgcy.trivago.com/c_lfill,d_dummy.jpeg,e_sharpen:60,f_auto,h_225,q_auto,w_225/itemimages/11/29/1129937_v7.jpeg";"Shingar Regency";2572;"Hotel"
117;"manali";"https://imgcy.trivago.com/c_lfill,d_dummy.jpeg,e_sharpen:60,f_auto,h_225,q_auto,w_225/itemimages/40/40/4040154_v2.jpeg";"La Ri Sa Resort";10620;"Resort"
118;"manali";"https://imgcy.trivago.com/c_lfill,d_dummy.jpeg,e_sharpen:60,f_auto,h_225,q_auto,w_225/itemimages/44/99/4499308_v1.jpeg";"Thomas Villa";1646;"Hotel"
119;"manali";"https://imgcy.trivago.com/c_lfill,d_dummy.jpeg,e_sharpen:60,f_auto,h_225,q_auto,w_225/itemimages/43/87/4387236.jpeg";"The Anantmaya Resort";10266;"Hotel"
120;"manali";"https://imgcy.trivago.com/c_lfill,d_dummy.jpeg,e_sharpen:60,f_auto,h_225,q_auto,w_225/itemimages/38/94/3894398_v1.jpeg";"WelcomHeritage Urvashi's Retreat";8074;"Hotel"
121;"manali";"https://imgcy.trivago.com/c_lfill,d_dummy.jpeg,e_sharpen:60,f_auto,h_225,q_auto,w_225/itemimages/13/10/1310003_v2.jpeg";"Honeymoon Inn Manali";3248;"Hotel"
122;"manali";"https://imgcy.trivago.com/c_lfill,d_dummy.jpeg,e_sharpen:60,f_auto,h_225,q_auto,w_225/itemimages/14/23/1423879.jpeg";"Mohan Palace";1145;"Hotel"
123;"manali";"https://imgcy.trivago.com/c_lfill,d_dummy.jpeg,e_sharpen:60,f_auto,h_225,q_auto,w_225/itemimages/13/06/1306675_v1.jpeg";"Hotel Mountain Top";721;"Hotel"
124;"manali";"https://imgcy.trivago.com/c_lfill,d_dummy.jpeg,e_sharpen:60,f_auto,h_225,q_auto,w_225/itemimages/12/43/1243804_v6.jpeg";"Royal Park Resort";1567;"Hotel"
125;"manali";"https://imgcy.trivago.com/c_lfill,d_dummy.jpeg,e_sharpen:60,f_auto,h_225,q_auto,w_225/itemimages/28/37/28377842.jpeg";"Sita Cottage Hotel And Restaurant";896;"Hotel"
126;"manali";"https://imgcy.trivago.com/c_lfill,d_dummy.jpeg,e_sharpen:60,f_auto,h_225,q_auto,w_225/itemimages/13/95/1395013_v2.jpeg";"Holiday Resorts & Cottages";2744;"Hotel"
127;"manali";"https://imgcy.trivago.com/c_lfill,d_dummy.jpeg,e_sharpen:60,f_auto,h_225,q_auto,w_225/itemimages/43/51/4351590.jpeg";"Gezellig Inn - Tree Hill Cottages & Kanyal Villas";1000;"Hotel"
128;"kerala";"https://imgcy.trivago.com/c_lfill,d_dummy.jpeg,e_sharpen:60,f_auto,h_225,q_auto,w_225/itemimages/34/42/344221_v10.jpeg";"Hilton Garden Inn Trivandrum";5544;"Hotel"
129;"kerala";"https://imgcy.trivago.com/c_lfill,d_dummy.jpeg,e_sharpen:60,f_auto,h_225,q_auto,w_225/itemimages/73/05/7305508_v2.jpeg";"Treebo Trend The Qasr";1892;"Hotel"
130;"kerala";"https://imgcy.trivago.com/c_lfill,d_dummy.jpeg,e_sharpen:60,f_auto,h_225,q_auto,w_225/itemimages/50/31/5031446_v2.jpeg";"Treebo Tryst Misty Garden Resorts";3101;"Hotel"
131;"kerala";"https://imgcy.trivago.com/c_lfill,d_dummy.jpeg,e_sharpen:60,f_auto,h_225,q_auto,w_225/itemimages/46/01/4601360_v1.jpeg";"Treebo Trend Adrak";2533;"Hotel"
132;"kerala";"https://imgcy.trivago.com/c_lfill,d_dummy.jpeg,e_sharpen:60,f_auto,h_225,q_auto,w_225/itemimages/59/52/5952504_v6.jpeg";"Treebo Tryst Palmyra Milford";2612;"Hotel"
133;"kerala";"https://imgcy.trivago.com/c_lfill,d_dummy.jpeg,e_sharpen:60,f_auto,h_225,q_auto,w_225/itemimages/13/95/1395051_v1.jpeg";"Malabar Palace";1612;"Hotel"
134;"kerala";"https://imgcy.trivago.com/c_lfill,d_dummy.jpeg,e_sharpen:60,f_auto,h_225,q_auto,w_225/itemimages/69/27/692746_v5.jpeg";"Raviz Kovalam";19470;"Hotel"
135;"kerala";"https://imgcy.trivago.com/c_lfill,d_dummy.jpeg,e_sharpen:60,f_auto,h_225,q_auto,w_225/itemimages/23/09/2309094_v2.jpeg";"Keys Select Thiruvananthapuram";1879;"Resort"
136;"kerala";"https://imgcy.trivago.com/c_lfill,d_dummy.jpeg,e_sharpen:60,f_auto,h_225,q_auto,w_225/itemimages/47/94/4794134_v2.jpeg";"Sithara Guest House";612;"Hotel"
137;"kerala";"https://imgcy.trivago.com/c_lfill,d_dummy.jpeg,e_sharpen:60,f_auto,h_225,q_auto,w_225/itemimages/20/05/2005511.jpeg";"Black Beach Resort";3115;"Hotel"
138;"kerala";"https://imgcy.trivago.com/c_lfill,d_dummy.jpeg,e_sharpen:60,f_auto,h_225,q_auto,w_225/itemimages/10/35/1035600_v2.jpeg";"Hotel Ginger Thiruvananthapuram";1820;"Hotel"
139;"kerala";"https://imgcy.trivago.com/c_lfill,d_dummy.jpeg,e_sharpen:60,f_auto,h_225,q_auto,w_225/itemimages/46/92/4692926_v3.jpeg";"Courtyard by Marriott Kochi Airport";8568;"Hotel"
140;"kerala";"https://imgcy.trivago.com/c_lfill,d_dummy.jpeg,e_sharpen:60,f_auto,h_225,q_auto,w_225/itemimages/40/41/404156_v3.jpeg";"Kumarakom Lake Resort";28910;"Hotel"
141;"kerala";"https://imgcy.trivago.com/c_lfill,d_dummy.jpeg,e_sharpen:60,f_auto,h_225,q_auto,w_225/itemimages/21/95/2195848.jpeg";"Taj Bekal Resort & Spa, Kerala";20296;"Hotel"
142;"kerala";"https://imgcy.trivago.com/c_lfill,d_dummy.jpeg,e_sharpen:60,f_auto,h_225,q_auto,w_225/itemimages/22/17/2217864_v1.jpeg";"KTDC Golden Peak";2385;"Hotel"
143;"kerala";"https://imgcy.trivago.com/c_lfill,d_dummy.jpeg,e_sharpen:60,f_auto,h_225,q_auto,w_225/itemimages/21/23/2123564.jpeg";"The Raviz Resort and Spa Ashtamudi";7280;"Hotel"
144;"kerala";"https://imgcy.trivago.com/c_lfill,d_dummy.jpeg,e_sharpen:60,f_auto,h_225,q_auto,w_225/itemimages/34/41/344166_v2.jpeg";"Taj Green Cove Resort & Spa, Kovalam";19470;"Hotel"
145;"kerala";"https://imgcy.trivago.com/c_lfill,d_dummy.jpeg,e_sharpen:60,f_auto,h_225,q_auto,w_225/itemimages/10/34/10345702.jpeg";"Grand Plaza Suites";2660;"Hotel"
146;"kerala";"https://imgcy.trivago.com/c_lfill,d_dummy.jpeg,e_sharpen:60,f_auto,h_225,q_auto,w_225/itemimages/17/36/17362410_v1.jpeg";"SPOT ON 46608 Sree Bhadra Tourist Home";509;"Hotel"
147;"kerala";"https://imgcy.trivago.com/c_lfill,d_dummy.jpeg,e_sharpen:60,f_auto,h_225,q_auto,w_225/itemimages/26/42/2642978_v1.jpeg";"Devaragam";4397;"Hotel"
148;"ajmer";"https://imgcy.trivago.com/c_lfill,d_dummy.jpeg,e_sharpen:60,f_auto,h_225,q_auto,w_225/itemimages/95/47/9547254.jpeg";"Ramada Ajmer";4257;"Hotel"
149;"ajmer";"https://imgcy.trivago.com/c_lfill,d_dummy.jpeg,e_sharpen:60,f_auto,h_225,q_auto,w_225/itemimages/22/15/2215228_v4.jpeg";"The Royal Melange";2346;"Hotel"
150;"ajmer";"https://imgcy.trivago.com/c_lfill,d_dummy.jpeg,e_sharpen:60,f_auto,h_225,q_auto,w_225/itemimages/51/77/5177728_v1.jpeg";"Hotel LN Courtyard";3399;"Hotel"
151;"ajmer";"https://imgcy.trivago.com/c_lfill,d_dummy.jpeg,e_sharpen:60,f_auto,h_225,q_auto,w_225/itemimages/45/62/4562962.jpeg";"Raahat Palace";902;"Hotel"
152;"ajmer";"https://imgcy.trivago.com/c_lfill,d_dummy.jpeg,e_sharpen:60,f_auto,h_225,q_auto,w_225/itemimages/54/10/5410412_v1.jpeg";"Grand Xenia";3857;"Hotel"
153;"ajmer";"https://imgcy.trivago.com/c_lfill,d_dummy.jpeg,e_sharpen:60,f_auto,h_225,q_auto,w_225/itemimages/37/47/3747468_v6.jpeg";"Hotel Mittal Paradise";1037;"Hotel"
154;"ajmer";"https://imgcy.trivago.com/c_lfill,d_dummy.jpeg,e_sharpen:60,f_auto,h_225,q_auto,w_225/itemimages/60/05/6005580_v5.jpeg";"Treebo Trend Hotel Siddharth";1997;"Hotel"
155;"ajmer";"https://imgcy.trivago.com/c_lfill,d_dummy.jpeg,e_sharpen:60,f_auto,h_225,q_auto,w_225/itemimages/19/07/1907823.jpeg";"Hotel Moti Mahal";1510;"Hotel"
156;"ajmer";"https://imgcy.trivago.com/c_lfill,d_dummy.jpeg,e_sharpen:60,f_auto,h_225,q_auto,w_225/itemimages/88/80/8880518.jpeg";"Regenta Inn Embassy";4320;"Hotel"
157;"ajmer";"https://imgcy.trivago.com/c_lfill,d_dummy.jpeg,e_sharpen:60,f_auto,h_225,q_auto,w_225/itemimages/32/25/3225952_v5.jpeg";"Hotel Crystal Park - Kishangarh";2458;"Resort"
158;"ajmer";"https://imgcy.trivago.com/c_lfill,d_dummy.jpeg,e_sharpen:60,f_auto,h_225,q_auto,w_225/itemimages/45/22/4522628_v1.jpeg";"New Jannat";2697;"Hotel"
159;"ajmer";"https://imgcy.trivago.com/c_lfill,d_dummy.jpeg,e_sharpen:60,f_auto,h_225,q_auto,w_225/itemimages/78/82/7882302.jpeg";"Fortune Plaza";1498;"Hotel"
160;"ajmer";"https://imgcy.trivago.com/c_lfill,d_dummy.jpeg,e_sharpen:60,f_auto,h_225,q_auto,w_225/itemimages/44/90/4490162_v1.jpeg";"Metro Inn";1600;"Hotel"
161;"ajmer";"https://imgcy.trivago.com/c_lfill,d_dummy.jpeg,e_sharpen:60,f_auto,h_225,q_auto,w_225/itemimages/35/30/3530412_v5.jpeg";"Hotel Mittal Inn";1604;"Hotel"
162;"ajmer";"https://imgcy.trivago.com/c_lfill,d_dummy.jpeg,e_sharpen:60,f_auto,h_225,q_auto,w_225/itemimages/93/85/9385334.jpeg";"Metro Palace";1029;"Hotel"
163;"ajmer";"https://imgcy.trivago.com/c_lfill,d_dummy.jpeg,e_sharpen:60,f_auto,h_225,q_auto,w_225/itemimages/64/80/6480800.jpeg";"Ata Inn & Restaurant";1119;"Hotel"
164;"odisha";"https://imgcy.trivago.com/c_lfill,d_dummy.jpeg,e_sharpen:60,f_auto,h_225,q_auto,w_225/itemimages/27/14/2714860_v2.jpeg";"Mayfair Palm Beach Resort";9440;"Hotel"
165;"odisha";"https://imgcy.trivago.com/c_lfill,d_dummy.jpeg,e_sharpen:60,f_auto,h_225,q_auto,w_225/itemimages/12/04/1204738_v2.jpeg";"Ginger";3075;"Hotel"
166;"odisha";"https://imgcy.trivago.com/c_lfill,d_dummy.jpeg,e_sharpen:60,f_auto,h_225,q_auto,w_225/itemimages/37/89/3789836_v5.jpeg";"Kakkson Villa";1351;"Hotel"
167;"odisha";"https://imgcy.trivago.com/c_lfill,d_dummy.jpeg,e_sharpen:60,f_auto,h_225,q_auto,w_225/itemimages/24/31/2431729_v3.jpeg";"Empires";3121;"Hotel"
168;"odisha";"https://imgcy.trivago.com/c_lfill,d_dummy.jpeg,e_sharpen:60,f_auto,h_225,q_auto,w_225/itemimages/77/29/772968_v3.jpeg";"Hotel Trident Bhubaneswar";7840;"Hotel"
169;"odisha";"https://imgcy.trivago.com/c_lfill,d_dummy.jpeg,e_sharpen:60,f_auto,h_225,q_auto,w_225/itemimages/28/19/2819114_v1.jpeg";"Lalit Heritage";985;"Hotel"
170;"odisha";"https://imgcy.trivago.com/c_lfill,d_dummy.jpeg,e_sharpen:60,f_auto,h_225,q_auto,w_225/itemimages/21/27/2127394.jpeg";"Leo Castle";677;"Hotel"
171;"odisha";"https://imgcy.trivago.com/c_lfill,d_dummy.jpeg,e_sharpen:60,f_auto,h_225,q_auto,w_225/itemimages/24/66/24664064.jpeg";"Lemon Tree Premier, Bhubaneswar";4140;"Hotel"
172;"odisha";"https://imgcy.trivago.com/c_lfill,d_dummy.jpeg,e_sharpen:60,f_auto,h_225,q_auto,w_225/itemimages/17/26/1726183.jpeg";"Holiday Resort";4032;"Resort"
173;"odisha";"https://imgcy.trivago.com/c_lfill,d_dummy.jpeg,e_sharpen:60,f_auto,h_225,q_auto,w_225/itemimages/45/21/4521420.jpeg";"Yogendra Residency";1261;"Hotel"
174;"odisha";"https://imgcy.trivago.com/c_lfill,d_dummy.jpeg,e_sharpen:60,f_auto,h_225,q_auto,w_225/itemimages/89/02/8902480.jpeg";"Park Lagoon";809;"Hotel"
175;"odisha";"https://imgcy.trivago.com/c_lfill,d_dummy.jpeg,e_sharpen:60,f_auto,h_225,q_auto,w_225/itemimages/45/87/4587786.jpeg";"Sheela Towers";2282;"Hotel"
176;"odisha";"https://imgcy.trivago.com/c_lfill,d_dummy.jpeg,e_sharpen:60,f_auto,h_225,q_auto,w_225/itemimages/28/05/2805726.jpeg";"Hotel Vintage Villa";1406;"Hotel"
177;"odisha";"https://imgcy.trivago.com/c_lfill,d_dummy.jpeg,e_sharpen:60,f_auto,h_225,q_auto,w_225/itemimages/59/30/5930954_v1.jpeg";"Steel City Inn";576;"Hotel"
178;"odisha";"https://imgcy.trivago.com/c_lfill,d_dummy.jpeg,e_sharpen:60,f_auto,h_225,q_auto,w_225/itemimages/26/64/2664436_v1.jpeg";"Reba Beach Resort";1419;"Hotel"
179;"odisha";"https://imgcy.trivago.com/c_lfill,d_dummy.jpeg,e_sharpen:60,f_auto,h_225,q_auto,w_225/itemimages/26/02/2602748.jpeg";"Blue Lily Beach";3360;"Hotel"
